Date,News 1,News 2,News 3,News 4,News 5,News 6,News 7,News 8,News 9,News 10
2024-07-10,东方财富财经早餐 7月11日周四 _ 东方财富网,,,,,,,,,
2024-07-11,"안다르 日서 흥행 돌풍 , 도쿄서도 통했다 … 누적 매출 120억 돌파",,,,,,,,,
2024-07-12,刚砸了220亿美元 ， 日本又出手撑日元了 ？ ,,,,,,,,,
2024-07-13,JP Morgan - backed blockchain firm Partior announces $60M+ Series B funding,,,,,,,,,
2024-07-14,央行出手校正债市风险 警示投资者过度入市 _ 市场 _ 存款 _ 产品,,,,,,,,,
2024-07-15,鲍威尔  放鸽 ， 道指创新高|美股|军衔|校官|美元指数|标普指数|美国政治人物|标普500指数,,,,,,,,,
2024-07-16,道指 、 标普齐创新高 小盘股大涨,,,,,,,,,
2024-07-17,美股崩了 晚间三大消息 _ 中金在线财经号,,,,,,,,,
2024-07-18,两大美国  债主  今年首次齐抛 ！ 干预汇市压力下日本持仓连降两月 ， 中国持债逼近2009年来低谷|美债|美国国债|黄金储备|美元指数,,,,,,,,,
2024-07-19,U . S . and global stocks finish well in red Friday,,,,,,,,,
2024-07-20,中国新发展 世界新机遇 （ 深度观察 ） – 华侨网,,,,,,,,,
2024-07-21,日媒 ： 大米库存不足 ， 需求量猛增 ， 日本民众感慨米价猛涨,,,,,,,,,
2024-07-22,标普涨超1 %， 小盘股指涨1 . 7 %， 特斯拉和英伟达齐涨约5 %， 商品再跌,,,,,,,,,
2024-07-23, 【 钛晨报 】 国家发改委等四部门 ： 推动数据中心绿色低碳发展 ； Meta发布LLAMA 3 . 1 405B开源人工智能模型 ； 苹果可折叠iPhone可能会在2026年发布,,,,,,,,,
2024-07-24,"USD / JPY Price Analysis : Plunges below Kumo and 154 . 00 , turns bearish",,,,,,,,,
2024-07-25,U . A . stocks retreat in late trade despite better - than - expected GDP,,,,,,,,,
2024-07-26,华尔街见闻早餐FM - Radio | 2024年7月27日,,,,,,,,,
2024-07-27,日本牛郎 ， 怎么丑成今天这样儿的 ？ ,,,,,,,,,
2024-07-28,"지하철 6호선 신내역 , 내달부터 출퇴근 시간대 열차 3회 늘린다",,,,,,,,,
2024-07-29,特斯拉涨超5 %， 市值大增2850亿元 ， 公司成大摩  首选  美国汽车股 ， 超级央行周  来了,,,,,,,,,
2024-07-30,Tech stocks retreat but Dow holds its own Tuesday,,,,,,,,,
2024-07-31,The NZD rises against most majors except the JPY,,,,,,,,,
2024-08-01,The Overnight Report : Slaughterhouse Friday,,,,,,,,,
2024-08-02,游戏新闻速递 ： 刺客信条大革命玩家上涨｜微软科隆展将放大招｜日本Xbox涨价,,,,,,,,,
2024-08-03,經濟學人 ： 3因素共乘效應 恐懼席捲全球股市,,,,,,,,,
2024-08-04,本周開盤前 五件國際事不可不知 | 全球財經 | 全球,,,,,,,,,
2024-08-05,美经济衰退忧虑令亚太主要股指普遍大跌,,,,,,,,,
2024-08-06,投资者对暴跌仍心有余悸 ， 全球市场  黑色星期一  会再现吗 ？_ 美国纽约 _ 经济 _ 股市,,,,,,,,,
2024-08-07,连平 ： 如何看待全球股市汇市震荡 ？ ,,,,,,,,,
2024-08-08,"  뉴욕증시 , 실업지표 개선에 반등 … S & P500 2 . 3 % ↑ 마감 - 헤럴드경제",,,,,,,,,
2024-08-09,五年来最快速度做空 ， 日股狂泻一周对冲基金加速押注下跌,,,,,,,,,
2024-08-10,"美경기 침체 논쟁 지속 … 환율 , 불안한 숨 고르기 장세 [ 주간외환전망 ] ",,,,,,,,,
2024-08-11,美股趁跌建倉 科企值博,,,,,,,,,
2024-08-12,U . S . stocks close mixed Monday as Mideast fears grow,,,,,,,,,
2024-08-13,PPI data for July helps propel Wall Street higher,,,,,,,,,
2024-08-14,U . S . stocks move higher as inflation slows,,,,,,,,,
2024-08-15,"U . S . stocks roar again , Nasdaq Composite adds 402 points",,,,,,,,,
2024-08-16,道指收市反覆升96點 本周漲2 . 9 % ,,,,,,,,,
2024-08-17,为了退出 ， 投资人做了52页PPT,,,,,,,,,
2024-08-18,憂美祭投資禁令 中港股危 金價望突圍,,,,,,,,,
2024-08-19, 〈 台股盤前要聞 〉 機器人題材夯 、 台幣爆量強漲兵臨32關 、 一顆蘋果救台灣又來了 | Anue鉅亨,,,,,,,,,
2024-08-20,HSBC is wary of a lower yen later this week,,,,,,,,,
2024-08-21,"Economic calendar in Asia Thursday , August 22 , 2024 - a light one",,,,,,,,,
2024-08-22,USD / JPY Declines Amid Speculation On US Rate Cuts And Anticipation Of Fed Chairman Speech,,,,,,,,,
2024-08-23,夏普关停日本本土液晶面板厂,,,,,,,,,
2024-08-24,国际观察｜鲍威尔  明示  降息 美货币政策风险难消 _ 通胀 _ 就业 _ 经济,,,,,,,,,
2024-08-25, 《 鬼影幢幢 》 東西洋動漫阿飄賽童趣 鬼太郎大戰小精靈,,,,,,,,,
2024-08-26,EUR / USD backslides in broad - market Greenback bounce,,,,,,,,,
2024-08-27,증시 불안해도 월수익 따박따박 … 배당형 ETF로 쏠리는 시선,,,,,,,,,
2024-08-28,U . S . stocks in retreat as investors await Nvidia earnings,,,,,,,,,
2024-08-29,美股收市｜道指升243點破頂 英偉達挫6 . 4 % 累納指轉跌0 . 2 % - 香港經濟日報 - 即時新聞頻道 - 即市財經 - 股市,,,,,,,,,
2024-08-30,Stocks rally on month - end while bonds fall & dollar gains post PCE - Newsquawk US Market Wrap,,,,,,,,,
2024-08-31,  美西方对俄制裁 ， 极大地刺激了中国努力摆脱美元  |外汇市场|外汇交易|俄央行|欧元|金融时报,,,,,,,,,
2024-09-01,"항공업계  SAF 가격 부담 낮추고 , 국내 공급 물량 늘려야  ",,,,,,,,,
2024-09-02,日本央行或按下加息  暂停键  _ 东方财富网,,,,,,,,,
2024-09-03,"지방대 국문과의 기적 ... 항간에 떠돌던 말 , 이상할 게 없다",,,,,,,,,
2024-09-04,NZD generally stable on the key cross rates,,,,,,,,,
2024-09-05,Forexlive Americas FX news wrap : US dollar weakens after softer ADP but ISM services firms,,,,,,,,,
2024-09-06,日本正成為中國有錢人的 「 後花園 」 | 移民潮 | 中國人 | 潤出國,,,,,,,,,
2024-09-07,洪灏 ： 全球金融市场将大幅波动 人民币 、 中国股市或走强 _ 东方财富网,,,,,,,,,
2024-09-08,东方财富财经早餐 9月9日周一 _ 东方财富网,,,,,,,,,
2024-09-09," [ 단독 ] 급발진 의심 사고 88 %, 페달 오조작  : 네이트 뉴스",,,,,,,,,
2024-09-10,人民币国际化稳步推进 跨境贸易领域使用料扩大 _ 东方财富网,,,,,,,,,
2024-09-11,엔비디아 8 . 15 % 급등 … 기술주가 방어한 미 증시,,,,,,,,,
2024-09-12,欧洲央行宣布降息 黄金刷新历史新高 ！ 华尔街对美股市场乐观 _ 东方财富网,,,,,,,,,
2024-09-13,  세계 꼴찌  韓 지수 … R의 공포  극복 못 하면 반등 없다 [ 추석 후 증시 ] ①,,,,,,,,,
2024-09-14,养老金融发展的系统考量 _ 财经精选 _ 财经网 - CAIJING . COM . CN,,,,,,,,,
2024-09-15,国际观察｜日铁收购美钢受阻凸显美国政治因素对市场的干扰 _ 计划 _ 日本 _ 拜登,,,,,,,,,
2024-09-16,"U . S . stocks end Monday mixed , Dow gains , Nasdaq drops",,,,,,,,,
2024-09-17,美股收市｜道指破頂後回吐15點 納指升0 . 2 % 美滙重上101 - 香港經濟日報 - 即時新聞頻道 - 即市財經 - 股市,,,,,,,,,
2024-09-18,설마 했는데  빅컷 … 환율 1320원대 지지력 테스트 [ 외환브리핑 ] ,,,,,,,,,
2024-09-19,  빅컷  먹혔다 … 다우 · S & P500 사상최고치 · 테슬라 7 . 4 % ↑ [ 월스트리트in ] ,,,,,,,,,
2024-09-20,Stocks chop on quad - witching while dovish Waller lifts bonds - Newsquawk US Market Wrap,,,,,,,,,
2024-09-21,"  후쿠시마  해양투기 , 미 스리마일섬  원전  강제증발과 비교해보면 … ",,,,,,,,,
2024-09-22,Bank of Japan pauses but signals normalisation will continue | Hellenic Shipping News Worldwide,,,,,,,,,
2024-09-23,朱淑娟專欄 ： 洪水是國家大事 ， 防洪要納入氣候變遷 - 風傳媒,,,,,,,,,
2024-09-24,"The DAVI Can Opener , a highly successful product in crowdfunding Japan that raised over $200K and sold 10 , 000+ units , is now launching on Indiegogo for its first overseas sales",,,,,,,,,
2024-09-25,Stocks mixed and Dollar bid as middle east tensions escalate - Newsquawk US Market Wrap,,,,,,,,,
2024-09-26, 〈 紐約匯市 〉 數據提振情緒消退 美元走軟 瑞朗走升 | Anue鉅亨,,,,,,,,,
2024-09-27,中國男 「 開車超速 」 遭攔 ！ 網反大讚日本警察 ： 罰款也不難受 | ETtoday國際新聞,,,,,,,,,
2024-09-28,深圳日本儿童遇害｜广州日本人学校校车 将全部配备跟车保安 | 中國報 China Press,,,,,,,,,
2024-09-29,超商誕生半個世紀 ， 成為愈發便利的城市基礎設施 - 風傳媒,,,,,,,,,
2024-09-30,晨間解析 ： 電子權值股大跌 ， 指數破季線 ， 靜待技術指標降溫再反攻 _ 富聯網,,,,,,,,,
2024-10-01,U . S . stocks weakened by escalations in Mideast,,,,,,,,,
2024-10-02,"U . S . stock markets steady , dollar rebounds",,,,,,,,,
2024-10-03,한국만 둔감하다 ... 포스코 떠나는 해외 투자기관들,,,,,,,,,
2024-10-04,"Forexlive Americas FX news wrap 4Oct : US jobs report is strong . USD , yields and stocks rise",,,,,,,,,
2024-10-05,为了  拼多多砍一刀 ， 日本五十岁警长决定  寝取  下属 _ 3DM专栏,,,,,,,,,
2024-10-06,외환보유액 석달째 증가 ... 달러 약세 영향  ,,,,,,,,,
2024-10-07,Nasdaq Composite tumbles 214 points Monday,,,,,,,,,
2024-10-08,"Wall Street rebound , Nasdaq Composite closes 259 points higher",,,,,,,,,
2024-10-09,道指 、 标普齐创新高 ！ 谷歌跌超1 % ,,,,,,,,,
2024-10-10,亚洲炼油商预计油价下跌将放缓 ， 中东紧张局势有助于对冲成本 _ 汇市观察 _ 外汇 _ 中金在线,,,,,,,,,
2024-10-11,Wall Street marches higher shattering more records,,,,,,,,,
2024-10-12,二小时成田散歩 | www . wenxuecity . com,,,,,,,,,
2024-10-13," [ 新환율전쟁 ] 중 · 일 , 아시아 환율전쟁 촉발하나",,,,,,,,,
2024-10-14,GYEN ( GYEN ) Price Tops $0 . 0066 on Exchanges,,,,,,,,,
2024-10-15, 【 國際早班車 】 高盛第三季盈利飆升45 % 業績勝預期,,,,,,,,,
2024-10-16,U . S . stock markets close in positive territory Wednesday,,,,,,,,,
2024-10-17,Dow Jones hits record high four out of last 5 trading days,,,,,,,,,
2024-10-18,U . S . stock markets close out 6 consecutive weeks of gains,,,,,,,,,
2024-10-19,  역대 최고가 금 … 사기 부담스럽지만 상승 여력은 청신호 [ 투자360 ]- 헤럴드경제,,,,,,,,,
2024-10-20,Курс евро : графики,,,,,,,,,
2024-10-21,Eyes and ears open today -  Verbal intervention threat rises as USD / JPY rises above 150  ,,,,,,,,,
2024-10-22, 〈 紐約匯市 〉 美元升至2個半月新高 市場聚焦美國利率與大選 | Anue鉅亨,,,,,,,,,
2024-10-23,Stocks & Bonds hit with Dollar bid in touted Trump Trade - Newsquawk US Market Wrap,,,,,,,,,
2024-10-24,道指收市跌140點 特斯拉飆升21 . 9 % ,,,,,,,,,
2024-10-25,Investors divided as U . S . stock markets close out the week,,,,,,,,,
2024-10-26,石破茂拼命輔選談打造防災大國 再提台灣是國家,,,,,,,,,
2024-10-27,执政党惨败 ， 石破茂成日本战后  最短命  首相 ？ ,,,,,,,,,
2024-10-28,1400원대 향하는  킹달러 … 韓 증시 자금이탈까지 이어질까,,,,,,,,,
2024-10-29, 【 國際早班車 】 Alphabet第三季盈利升34 % 業績勝預期,,,,,,,,,
2024-10-30,时事观察｜日本政坛走向悬而未决 - 评论,,,,,,,,,
2024-10-31, [ 채권 / 외환 ] 미 국채 금리 3개월만 최고치 근방 ... 달러는 소폭 약세,,,,,,,,,
2024-11-01,อเมริกันต้องมาก่อนเสมอ,,,,,,,,,
2024-11-02,金价狂飙 ， 这些产品火了,,,,,,,,,
2024-11-03,环球科技参考 _ 新浪科技 _ 新浪网,,,,,,,,,
2024-11-04,"뉴욕증시 ,  초접전  미 대선 하루 앞둔 불확실성에 일제히 하락 마감",,,,,,,,,
2024-11-05,"Gold price shines on US Presidential election anxiety , soft US Dollar",,,,,,,,,
2024-11-06,Wall Street surges on Trump return to White House,,,,,,,,,
2024-11-07,U . S . stocks rise again on Federal Reserve rate cut,,,,,,,,,
2024-11-08,"Wall Street continues higher , Tesla and Trump Media star",,,,,,,,,
2024-11-09,川普勝選對經濟的深遠影響 數據解析與政策展望 | 雲論,,,,,,,,,
2024-11-10,今日数据精选 ： 比特币突破8万美元大关 ； 日产汽车净利润暴跌94 % ,,,,,,,,,
2024-11-11, 【 國際早班車 】「 特朗普交易 」 效應持續 現貨金價曾挫2 . 72 % ,,,,,,,,,
2024-11-12,U . S . stock markets join global downtrend Tuesday,,,,,,,,,
2024-11-13,美元走强非美货币承压 人民币中间价创14个月新低,,,,,,,,,
2024-11-14,"주52시간 예외 · 직접 보조금 ... 韓 · 日 , 반도체법 재추진",,,,,,,,,
2024-11-15,책 버리려거든 통도사로 보내시오 … 책들한테는 절이 최고 안전  ,,,,,,,,,
2024-11-16,黄金和相关ETF投资10要点,,,,,,,,,
2024-11-17,한~일 항공편 이용객 2000만명 돌파,,,,,,,,,
2024-11-18,券商展望报告批量出炉 科技成长及红利主线受青睐,,,,,,,,,
2024-11-19,"Initial risk - off sentiment reverses after Russia / Ukraine tensions intensify , with stocks green & Dollar flat - Newsquawk US Market Wrap",,,,,,,,,
2024-11-20,道指收涨0 . 32 %， 市场聚焦英伟达业绩,,,,,,,,,
2024-11-21, 【 EJFQ信析 】 強勢美元未見頂 恐累企業盈利降,,,,,,,,,
2024-11-22,Forecasting the upcoming week : Could Thanksgiving trigger a pause in the Dollar rally ? ,,,,,,,,,
2024-11-23,﻿销量低迷 日产汽车拟缩减泰国工厂规模 _ 大公网,,,,,,,,,
2024-11-24,Monday morning open levels - indicative forex prices - 25 November 2024,,,,,,,,,
2024-11-25,U . S . stock surge on Trump treasury secretary nomination,,,,,,,,,
2024-11-26,特朗普关税威胁的市场答案 ： 汽车股哀嚎 ， 加元四年新低,,,,,,,,,
2024-11-27,异军突起 ！ 日元汇率开启暴涨模式 美日央行下月或各有动作 _ 东方财富网,,,,,,,,,
2024-11-28,全球汇市或生变局 投资者需系紧安全带,,,,,,,,,
2024-11-29,  엔화는 올라봤자 … 은행 엔화예금 1년 만에  최저 [ 머니뭐니 ] ,,,,,,,,,
2024-11-30,日本關注川普將加關稅 汽車行業急於應對 | 川普關稅2 . 0 | 外貿赤字 | 25 % 關稅,,,,,,,,,
2024-12-01,Mountain Research and AFFXWRKS Link for Utilitarian Outerwear Capsule,,,,,,,,,
2024-12-02,"U . S . stock markets have divided start to week , techs gain",,,,,,,,,
2024-12-03,"U . S . stocks on the defensive , S & P 500 and Nasdaq rise",,,,,,,,,
2024-12-04,Record - breaking day on Wall Street Wednesday,,,,,,,,,
2024-12-05,رستاخیز باران ، آهوان و مهتاب ـ درنگی بر رمان  روسپیان صادق‌ترین معشوقه‌های عالم‌اند  نوشته مسعود نقره‌کار ، شاهرخ تندرو صالح,,,,,,,,,
2024-12-06,"U . S . stocks mixed Friday , Nasdaq advances , Dow Jones falls",,,,,,,,,
2024-12-07,美联储降息预期升温 ， 黄金能否突破僵局 ？！_ 汇市观察 _ 外汇 _ 中金在线,,,,,,,,,
2024-12-08,LTN經濟通 》 日本汽車大廠 存亡倒數計時 ？ ,,,,,,,,,
2024-12-09,U . S . stocks close down Monday after Nvidia fall,,,,,,,,,
2024-12-10,"US stocks trundled lower throughout the US session with SPX , NDX , and RUT all seeing roughly similar weakness - Newsquawk Asia - Pac Market Open",,,,,,,,,
2024-12-11,"Forex Today : Market players eye Australia jobs data , ahead of US PPI and jobless claims",,,,,,,,,
2024-12-12, 【 钛晨报 】 中央经济工作会议确定 ， 明年要抓好9大重点任务 ； 62种药品进集采 ， 第十批国家组织药品集采开标 ； 英伟达中国称断供传闻不实,,,,,,,,,
2024-12-13, 【 國際早班車 】 美國傳要求雲服務商 阻止中國連接AI晶片,,,,,,,,,
2024-12-14,Японський уряд планує збільшити бюджет на понад $90 млрд для стимулювання економіки Finance . ua,,,,,,,,,
2024-12-15,탄핵 가결에 정국 불확실성 해소 … 환율 1420원대 하락 [ 외환브리핑 ] ,,,,,,,,,
2024-12-16, 【 國際早班車 】 加拿大財長方慧蘭辭職 稱與杜魯多存在分歧,,,,,,,,,
2024-12-17,东方财富财经早餐 12月18日周三 _ 东方财富网,,,,,,,,,
2024-12-18,Stocks slump following a hawkish Fed cut - Newsquawk Asia - Pac Market Open,,,,,,,,,
2024-12-19,日本两大  谷子经济  巨头签订联盟协议 拓展全球IP合作 _ 东方财富网,,,,,,,,,
2024-12-20,"隔夜全线涨 , 两大利好来了 ！ ",,,,,,,,,
2024-12-21,환율 고공행진하는데 … 개미들 달러 하락에 대거 베팅  어쩌나  ,,,,,,,,,
2024-12-22,"엔 · 위안도 압박 , 내년엔 금리 우려까지 … 원화  백약이 무효  ",,,,,,,,,
2024-12-23,全球市场 ： 美股三大指数集体收涨 纳指涨近1 % 苹果股价创新高 _ 东方财富网,,,,,,,,,
2024-12-24,北京收到最后通牒 ＊ 阿波罗新闻网,,,,,,,,,
2024-12-25,盘点2024年日本票房榜 ：《 名侦探柯南 》 夺本土票房冠军,,,,,,,,,
2024-12-26,2024年末盘点 ： 美日中GDP新局 ， 中国增长势头强劲引关注 ！- 宏观经济 - 小熊财经,,,,,,,,,
2024-12-27,JCB悠遊卡加值續給10 % 五月天造型卡收藏青春｜卡優新聞網,,,,,,,,,
2024-12-28,世界日報,,,,,,,,,
2024-12-29,2025年大宗商品前瞻 ： 避险情绪主导黄金 ， 原油供应端出现不确定性 _ 特朗普 _ 每日经济新闻 _ 美国,,,,,,,,,
2024-12-30,日本2024年破产企业数量或创11年来新高 _ 东方财富网,,,,,,,,,
2024-12-31,納指收市跌0 . 9 % 2024年累計漲約29 % ,,,,,,,,,
2025-01-01,东方财富财经早餐 1月2日周四 _ 东方财富网,,,,,,,,,
2025-01-02,Forexlive Americas FX news wrap : The US dollar picks up where it left off,,,,,,,,,
2025-01-03,观点综述 ： 美联储理事谨慎看待通胀 人工智能热潮似乎远未结束,,,,,,,,,
2025-01-04,Обзор микровэна Toyota Roomy с 1 - литровым мотором - 5 января 2025,,,,,,,,,
2025-01-05,지난해 외환보유액 4156억달러 … 연말기준 5년만에 최소  ,,,,,,,,,
2025-01-06,阻止日铁收购 ， 美国缘何  六亲不认 ？- 千龙网 · 中国首都网,,,,,,,,,
2025-01-07, 【 钛晨报 】 养老服务领域迎重磅利好 ！ 党中央国务院首次发布意见 ； 明确全国统一大市场建设底线红线 ， 国家发改委强调若干  不得 ； 央行连续两个月扩大黄金储备 - 钛媒体官方网站,,,,,,,,,
2025-01-08,Le dollar monte en flèche après de nouvelles informations sur les projets douaniers de Trump,,,,,,,,,
2025-01-09,"응원봉 든 고3의 바람 , 국민을 둘로 가르지 말아 주세요",,,,,,,,,
2025-01-10,Доллар подскочил после обнародования данных по занятости США,,,,,,,,,
2025-01-11,Why global bond market turbulence will hit equities - The Hindu BusinessLine,,,,,,,,,
2025-01-12, 「 恐怖總統套房 」 連環爆 ！ 松本人志全裸趴硬上 ... 中居正廣也在場 | 娛樂星聞 | 三立新聞網 SETN . COM,,,,,,,,,
2025-01-13, [ 경제시평 ] 트럼프와 젠슨 황,,,,,,,,,
2025-01-14,台積電新敵 ！ 集結 「 日本最強富爸爸 」 關鍵人物是他 | ETtoday財經雲,,,,,,,,,
2025-01-15,"  엔저에 우르르 … 방일 1위  한국인 , 일본서 9조 썼다 : 네이트 뉴스",,,,,,,,,
2025-01-16,银价突破关键技术位 ， 市场预期美联储降息支撑上涨动能 _ 汇市观察 _ 外汇 _ 中金在线,,,,,,,,,
2025-01-17,Epson Develops an Oven - Controlled Crystal Oscillator That Consumes 56 % Less Power than Conventional OCXOs,,,,,,,,,
2025-01-18,LIVE ดูบอลสด พรีเมียร์ลีก เบรนท์ฟอร์ด พบ ลิเวอร์พูล ถ่ายทอดสด วันนี้ 18 ม . ค . 68,,,,,,,,,
2025-01-19,출구 안 보이는 高환율에 다시 물가 걱정 … 경계심 가질 때  ,,,,,,,,,
2025-01-20, [ HK ] 环康集团 ( 08169 ): 截至二零二四年十月三十一日止年度之全年业绩公布 - CFi . CN 中财网,,,,,,,,,
2025-01-21,Nasdaq Composite climbs 127 points as U . S . stocks move higher,,,,,,,,,
2025-01-22,白宫裂痕初现 ？ 马斯克 ： 喊着为特朗普AI计划掏腰包的公司拿不出钱,,,,,,,,,
2025-01-23,日本2024年连续四年出现贸易逆差 _ 东方财富网,,,,,,,,,
2025-01-24, 【 財經簡訊 】 美國成立加密貨幣工作組 監管數字資產 | 日本央行加息 | 日圓升值 | Rivian電動車,,,,,,,,,
2025-01-25,  网红城市  迎春节  泼天富贵  接到后如何再突围 ？- 华龙网,,,,,,,,,
2025-01-26,人民幣國際化 有待考驗 - 產業特刊,,,,,,,,,
2025-01-27,Technology stocks face wave of selling in U . S . Monday,,,,,,,,,
2025-01-28,Forexlive Americas FX news wrap : Tech bounces back ahead of the FOMC,,,,,,,,,
2025-01-29,遠東國際商業銀行 ： 等待FOMC決議 ， 市場保持謹慎 _ 富聯網,,,,,,,,,
2025-01-30,U . S . stocks move higher on Gross Domestic Product news,,,,,,,,,
2025-01-31,本田日产合并在即 ， 三菱汽车何去何从成悬念 - 智能汽车 - ITBear科技资讯,,,,,,,,,
2025-02-01,RTX5090｜秋葉原限售輝達新顯示卡 炒家 「 失控爆衝 」 搶購引發混亂,,,,,,,,,
2025-02-02,CapitaLand Ascott Trust acquires two hotels in Japan,,,,,,,,,
2025-02-03,NZD / JPY Price Analysis : Pair plunges to multi - month low before partial rebound,,,,,,,,,
2025-02-04,Wall Street recovers on temporary tariff truces,,,,,,,,,
2025-02-05,US stocks gained amid softer yields and lack of trade war escalation - Newsquawk Asia - Pac Market Open,,,,,,,,,
2025-02-06,台股今日重點 - 自由財經,,,,,,,,,
2025-02-07,Forecasting the upcoming week : Enter Powell and US CPI data,,,,,,,,,
2025-02-08,同居20年閨密寫紙條贈1200萬遺產 73歲嬤拿不到 ！ 因對方女兒1舉動 | 財經 | 三立新聞網 SETN . COM,,,,,,,,,
2025-02-09,海通证券 ： 黄金定价框架为何失灵了 ？_ 个股资讯 _ 市场 _ 中金在线,,,,,,,,,
2025-02-10,"  관세전쟁 무풍지대  엔터株 , 줄줄이 신고가",,,,,,,,,
2025-02-11,晨間解析 ： 台股持穩區間整理 ， AI軟硬體與延伸應用為盤面主流 _ 富聯網,,,,,,,,,
2025-02-12,"pafin Inc .: Japan Leading Crypto Tax Service , cryptact , Now Available in Canada",,,,,,,,,
2025-02-13,"Netflix готує серіал  Битва самураїв , що поєднає хіти  Шьоґун  і  Гра в кальмара  ",,,,,,,,,
2025-02-14,觀望對等關稅實施 道指收市跌165點,,,,,,,,,
2025-02-15,Trade shows : Five beauty trends spotted at Cosme Tokyo 2025,,,,,,,,,
2025-02-16,日产本田合并计划告吹 ， 日产面临持续财务困境,,,,,,,,,
2025-02-17,通胀和关税压力叠加 日本经济增长前景增添新忧 - 大河网,,,,,,,,,
2025-02-18, 【 國際早班車 】 特朗普 : 最快4月2日加徵汽車關稅 稅率約25 % ,,,,,,,,,
2025-02-19,"이븐 , 4월 서울서 글로벌 투어 포문 … 11개 도시 투어",,,,,,,,,
2025-02-20,消费参考丨爱奇艺 、 腾讯视频 ： 把长视频的钱投向微短剧,,,,,,,,,
2025-02-21, 〈 紐約匯市 〉 美元盤整期間上揚 疲弱數據後漲幅收斂 | Anue鉅亨,,,,,,,,,
2025-02-22,巴菲特发布2025年致股东公开信 （ 全文珍藏版 ） ,,,,,,,,,
2025-02-23,美스태그플레이션 대두 … 환율 1440원대 반등 경계 [ 외환브리핑 ] ,,,,,,,,,
2025-02-24, 【 國際早班車 】 蘋果未來4年在美投資逾3 . 9萬億 增2萬職位,,,,,,,,,
2025-02-25,纳指收跌1 . 35 %， 特斯拉跌超8 %， 黄金盘中失守2900美元,,,,,,,,,
2025-02-26,东方财富财经早餐 2月27日周四 _ 东方财富网,,,,,,,,,
2025-02-27,日本大米疯涨70 %， 中国老板连夜扛大米 ？ ,,,,,,,,,
2025-02-28, 《 你的名字 》 製作人爆 「 買春15歲少女 」 偷拍性愛片 超慘下場曝光 | 娛樂星聞 | 三立新聞網 SETN . COM,,,,,,,,,
2025-03-01,北京的陈希同VS上海的陈良宇 ！ - 博客,,,,,,,,,
2025-03-02,丰田新款YARiS Cross官图发布 ： 双动力选择 ， 起售价9 . 9万元,,,,,,,,,
2025-03-03,"Earlyworks Co ., Ltd . Reports Financial and Operational Performance for the Six Months Ended October 31 , 2024",,,,,,,,,
2025-03-04,Fótbolti . net,,,,,,,,,
2025-03-05,USD / JPY Forecast Today 06 / 03 : Weakens Against Yen ( Video ) ,,,,,,,,,
2025-03-06,The Overnight Report : ( Another ) Sour Friday,,,,,,,,,
2025-03-07,Euro je na cestě k největšímu týdennímu zisku proti dolaru za 16 let,,,,,,,,,
2025-03-08,Fótbolti . net,,,,,,,,,
2025-03-09,"AUD / JPY Price Analysis : Bears extend control , but downside momentum weakens",,,,,,,,,
2025-03-10,AUD / JPY Price Analysis : Bears take control as the pair struggles to hold above 93 . 00,,,,,,,,,
2025-03-11,  미국 침체 리스크 나타나지 않아 … 비트코인 흐름 주목,,,,,,,,,
2025-03-12,黄金永不倒 ？ 揭秘货币战争的终极赢家,,,,,,,,,
2025-03-13,"Yen outperforms , NZD / GBP trades at a fresh nine - year",,,,,,,,,
2025-03-14, 【 國際早班車 】 特朗普稱美國與普京進行富有成效討論 烏克蘭戰爭有望結束,,,,,,,,,
2025-03-15,日本對川普鋼鋁稅表遺憾 更擔心徵汽車關稅 | 美日同盟 | 加徵關稅 | 25 % 關稅,,,,,,,,,
2025-03-16,The USD depreciates on the rapid closing - up of bond yield differentials,,,,,,,,,
2025-03-17,巴菲特增持日本五大商社 - 20250318 - 經濟,,,,,,,,,
2025-03-18,  日銀 금리 동결  블룸버그 조사 전문가 52명  만장일치 … 엔캐리 청산發 증시 폭락 가능성 ?  희박  [ 투자360 ] ,,,,,,,,,
2025-03-19,美股三大指数收涨 ， 特斯拉反弹涨超4 % ,,,,,,,,,
2025-03-20,AUD / JPY Price Analysis : Bears take control as pair falls below 94 . 00,,,,,,,,,
2025-03-21,三井百貨賣場全通吃 2大聯名卡井水不犯河水｜卡優新聞網,,,,,,,,,
2025-03-22,重新勾勒中国绘画|画家|文学|艺术史|人物画 _ 网易订阅,,,,,,,,,
2025-03-23,Cette montre Citizen est la touche finale qui manquait à votre style ... découvrez - la ! ,,,,,,,,,
2025-03-24,AUD / JPY Price Analysis : Bulls eye recovery as short - term momentum turns cautiously optimistic,,,,,,,,,
2025-03-25, [ 채권 / 외환 ] 침체 우려에 미 국채가 상승 ... 달러화는 약세,,,,,,,,,
2025-03-26,日本3A游戏产业崛起 ： 五家厂商股价创新高,,,,,,,,,
2025-03-27, [ HK ] 海尔智家 ( 06690 ): 海外监管公告 - 海尔智家股份有限公司2024年年度报告摘要 - CFi . CN 中财网,,,,,,,,,
2025-03-28,Forecasting the upcoming week : US Payrolls and  Liberation Day  take centre stage,,,,,,,,,
2025-03-29,花旗 ： 4月2日  交易手册 ： 可能的三种场景 - CFi . CN 中财网,,,,,,,,,
2025-03-30,Monday morning open levels - indicative forex prices - 31 March 2025,,,,,,,,,
2025-03-31,中居正廣性侵女主播 ！ 丟22萬花錢了事 「 謝謝幫了大忙 」 ,,,,,,,,,
2025-04-01,LTN經濟通 》「 海湖莊園協議 」 重組全球金融秩序 ？ ,,,,,,,,,
2025-04-02,任天堂Switch 2最全汇总 ： 不锁区版3200元 ， 支持4K游戏 ， 还有这些升级你要知道,,,,,,,,,
2025-04-03,特朗普惹众怒 ， 昔日老铁  纷纷发声 ， 日本 ： 极度失望 ！ 法国 ： 准备好打这场贸易战 ！ 英国称冷静对待 …… 美股大幅低开 ， 苹果跌超8 % |关税|欧盟|法国政府|苹果公司|知名企业|唐纳 · 川普,,,,,,,,,
2025-04-04,Akcie v united states po čínské odpovědi na Trumpova cla znovu prudce oslabily,,,,,,,,,
2025-04-05,任天堂新款Pro手柄详细规格曝光 ： 重量减轻 、 续航约40小时,,,,,,,,,
2025-04-06,Downward revision of global economic outlook likely - Opinion,,,,,,,,,
2025-04-07, 〈 貴金屬盤後 〉 貿易戰擔憂升高 投資人轉向美元避險 金價跌破3000美元 | Anue鉅亨,,,,,,,,,
2025-04-08,方寸之间听懂世界 _ 新浪科技 _ 新浪网,,,,,,,,,
2025-04-09,大阪世博將開幕 TECH WORLD館秀台灣人文特色 | 國際,,,,,,,,,
2025-04-10,메트로신문 4월 11일자 한줄뉴스,,,,,,,,,
2025-04-11, 【 快訊 】 北京進 「 戰時狀態 」 美防長直言 「 趕走中共 」 | 中共間諜 | 世維會發言人 | 川普,,,,,,,,,
2025-04-12,财经资讯AI速递 ： 昨夜今晨财经热点一览 丨2025年4月13日,,,,,,,,,
2025-04-13,一夜之间 ， 整个世界都在抛售美债,,,,,,,,,
2025-04-14,美日关税谈判即将解开关键谜题 ： 特朗普搅乱全球贸易意欲何为 ？ ,,,,,,,,,
2025-04-15,"계엄 뒤 칩거했던 尹  실패하면 탄핵 , 알고 있었다  [ 尹의 1060일 ⑧ ] : 네이트 뉴스",,,,,,,,,
2025-04-16,鲍威尔粉碎救市希望 ， 纳指跌超3 %， 英伟达一度重挫10 %， 黄金大涨创新高,,,,,,,,,
2025-04-17,这个戒指看得心酸原文 ： DOTA2TI6冠军戒指出炉5608 这个戒上海5万警力全员上岗 - 凉拌辣味螺网,,,,,,,,,
2025-04-18, 【 星坛综艺会15期 】 要文斗 ， 不要脱了斗 ！（ 小品 ） - 花似鹿葱发表于 爱的星空 - 论坛,,,,,,,,,
2025-04-19,墨术MaginkChinYuFu中国风浓郁的异想世界 _ resultado+da+quina+de+hoje 到2015年底增至50 . 4312万亿日元 - 凉拌辣味螺网,,,,,,,,,
2025-04-20,暴雪魔兽开发组7 . 3上线Party艾泽拉斯地图蛋糕惹眼09 - 01作者 ： 维他命C77 紧接着长子郑家纯中风住院 - 凉拌辣味螺网,,,,,,,,,
2025-04-21,新信号 ！ 资金开始往欧洲跑了,,,,,,,,,
2025-04-22, 《 斯普拉遁3 》 联名款  水枪伞  周边发布 _ 业界资讯 - 中关村在线,,,,,,,,,
2025-04-23,Forexlive Americas FX news wrap : US dollar rallies as the White House walks back tariffs,,,,,,,,,
2025-04-24,挪威主權基金 首季蝕3097億 - 20250425 - 經濟,,,,,,,,,
2025-04-25,年收10億沒用 ！ 23年女裝電商龍頭突宣告破產 全面關站消費者錯愕 | 財經 | 三立新聞網 SETN . COM,,,,,,,,,
2025-04-26,日本执政党要员接连访华 ， 日媒称  不常见 ， 专家 ： 影响不止于双边层面|党首|中日|公明党,,,,,,,,,
2025-04-27,  กูรู  ยก 3 ตลาดหุ้นจ่อรีเทิร์นเด่น  อินเดีย ญี่ปุ่น ลาตินอเมริกา  อานิสงส์ภาษีทรัมป์สะเทือน  จำกัด  ,,,,,,,,,
2025-04-28, 《 各報要聞 》 川普百日寫驚奇 民調降至41 ％ 70年來最差 _ 富聯網,,,,,,,,,
2025-04-29,10 Movies To Watch if You Love  Kiki Delivery Service  ,,,,,,,,,
2025-04-30,道指收市倒升141點 盤中曾瀉781點,,,,,,,,,
2025-05-01,經濟日報晨訊 _ 富聯網,,,,,,,,,
2025-05-02,"뉴욕증시 , 예상보다 강한 고용에 일제히 상승 … 나스닥 1 . 5 % ↑",,,,,,,,,
2025-05-03,iPhone 17 ดีไซน์ล้ำและบางลง แต่ห่วงซัพพลายเชนพึ่งจีนหนัก,,,,,,,,,
2025-05-04,Fed to push back against calls for rate cuts | Hellenic Shipping News Worldwide,,,,,,,,,
2025-05-05,东方财富财经早餐 5月6日周二 _ 东方财富网,,,,,,,,,
2025-05-06,鄧哲偉觀點 ： 台幣暴衝背後 ， 台灣淪美國示範場 ? - 風傳媒,,,,,,,,,
2025-05-07,"U . S . stock markets , dollar advance on Fed rate decision",,,,,,,,,
2025-05-08,Dow jones jumps 254 points as Trump unveils united kingdom trade deal,,,,,,,,,
2025-05-09,美元指数9日下跌 - 千龙网 · 中国首都网,,,,,,,,,
2025-05-10, 【 專欄 】 美元疲軟的迷霧 ： 關稅風暴下的美國貨幣政策困境,,,,,,,,,
2025-05-11,国际清算银行发布报告显示 美元信贷有所下降,,,,,,,,,
2025-05-12,五一档票房腰斩 中国电影又到了至暗时刻 ? ,,,,,,,,,
2025-05-13,納指高收1 . 61 % 道指受壓 標指收復今年失地,,,,,,,,,
2025-05-14, 【 钛晨报 】 中国前4月金融数据出炉 ： 超9成新增贷款投向了企业 ； 美国调整对华加征关税 ； 科技部等七部门 ： 设立  国家创业投资引导基金 - 钛媒体官方网站,,,,,,,,,
2025-05-15,Mastercard : Asia - Pacific dominates global summer travel trends,,,,,,,,,
2025-05-16,退休不是终点 ， 日本企业争着返聘  老年人 ？ |银发,,,,,,,,,
2025-05-17,Безіл Кук картини британської художниці продадуть на аукціоні фото,,,,,,,,,
2025-05-18,2025五道口金融论坛｜对话波兰前总理马雷克 · 贝尔卡 ： 如果我在央行负责外汇储备 ， 不会如此热衷于黄金投资  ,,,,,,,,,
2025-05-19,美元全面走弱 受美債務和貿易變數拖累 日圓見144字頭 | 全球財經 | 全球,,,,,,,,,
2025-05-20,  家里米多到能卖  言论遭批后 日本农林水产大臣递交辞呈,,,,,,,,,
2025-05-21, [ 채권 / 외환 ] 미 국채 수익률 급등 … 20년물 입찰 부진 속  트럼프 감세안  우려 확산,,,,,,,,,
2025-05-22,311地震後買下整棟東京商辦 利菁爽當包租婆月入200萬 | 娛樂星聞 | 三立新聞網 SETN . COM,,,,,,,,,
2025-05-23,"Turmoil on financial markets , Dow Jones drops 256 points",,,,,,,,,
2025-05-24,國巨 、 聯發科股東會將增董事 營運展望同受關注 | 上市電子 | 股市,,,,,,,,,
2025-05-25,美元走弱 霸權地位仍穩健 - 財經焦點,,,,,,,,,
2025-05-26,ดาวโจนส์ฟิวเจอร์พุ่งกว่า 400 จุดเช้านี้ ขานรับทรัมป์เลื่อนเก็บภาษี,,,,,,,,,
2025-05-27,特朗普政府暂停留学生新签证面谈 ； 道指涨超700点 ， 黄金一度跌破3300美元 ； 山东化工厂爆炸致5死6失联 ； 小米一季度营收1113亿丨每经早参,,,,,,,,,
2025-05-28,U . S . stocks slide as 30 - year bond yields top 5 percent,,,,,,,,,
2025-05-29,GBP / USD recovers 1 . 35 ahead of key US inflation data,,,,,,,,,
2025-05-30,Wall Street closes out week with lackluster performance,,,,,,,,,
2025-05-31,东京掠影 （ 10 ） 幽静的明治神宫 - 快乐玉子发表于 海外原创 - 论坛,,,,,,,,,
2025-06-01,外幣資產配置 加入歐元日圓 - 投資理財,,,,,,,,,
2025-06-02,"贸易风向牵动美股神经 , 标普反转 , 美油大涨",,,,,,,,,
2025-06-03,美股三大指数收涨 ， 英伟达涨超2 % ,,,,,,,,,
2025-06-04,Wall Street ends mixed after disappointing ADP report,,,,,,,,,
2025-06-05,美媒 ： 受美政策影响 ， 科学家想  另寻他处  |特朗普|化学家|哈佛大学|美国政府,,,,,,,,,
2025-06-06,Dow Jones jumps 443 points on strong jobs report,,,,,,,,,
2025-06-07,  바가지는 손절 … 그냥 일본 갈게요  하더니 제주로 발길 돌린 관광객 : 네이트 뉴스,,,,,,,,,
2025-06-08,Microsoft и Asus показали портативные консоли Xbox Ally на новой Windows с интерфейсом Xbox,,,,,,,,,
2025-06-09,日本政府打响整治  外国人乱象  第一枪|国民|签证|参议院|日本首相石破茂 _ 网易订阅,,,,,,,,,
2025-06-10,日本为什么会闹  米荒 _ 凤凰网,,,,,,,,,
2025-06-11,"EUR / USD soars on soft US CPI , closes in on 1 . 1500",,,,,,,,,
2025-06-12,Dow Jones closes 102 points higher despite U . S . dollar slide,,,,,,,,,
2025-06-13,一次收錄5大旅日神卡 購物機票回饋神在哪 ？ ｜卡優新聞網,,,,,,,,,
2025-06-14,What a safe - haven ? The USD makes a comeback amid Middle East tensions,,,,,,,,,
2025-06-15,,,,,,,,,,
2025-06-16,,,,,,,,,,
2025-06-17,,,,,,,,,,
2025-06-18,,,,,,,,,,
2025-06-19,,,,,,,,,,
2025-06-20,,,,,,,,,,
2025-06-21,,,,,,,,,,
2025-06-22,,,,,,,,,,
2025-06-23,,,,,,,,,,
2025-06-24,,,,,,,,,,
2025-06-25,,,,,,,,,,
2025-06-26,,,,,,,,,,
2025-06-27,,,,,,,,,,
2025-06-28,,,,,,,,,,
2025-06-29,,,,,,,,,,
2025-06-30,,,,,,,,,,
2025-07-01,,,,,,,,,,
2025-07-02,標指納指收市創新高 道指偏軟,,,,,,,,,
2025-07-03,东方财富财经早餐 7月4日周五 _ 东方财富网,,,,,,,,,
2025-07-04,Forecasting the upcoming week : The FOMC Minutes will be in the spotlight,,,,,,,,,
2025-07-05,기차가 멈춘 철길 따라 시간을 거슬러 달려볼까,,,,,,,,,
2025-07-06,Liberation Day shambles being repeated,,,,,,,,,
2025-07-07,美股三大股指全线收跌 ， 特斯拉跌超6 % ,,,,,,,,,
2025-07-08,东方财富财经早餐 7月9日周三 _ 东方财富网,,,,,,,,,
2025-07-09,GBP / JPY retreats from near one - year highs as Yen regains ground,,,,,,,,,
2025-07-10,Cap - Tex . io Review 2025 : Can This CFD Platform Compete With the Best ? ,,,,,,,,,
